Akita Américain;chien;Pas de description encore;https://cdn.prod.website-files.com/62178d5c536d9151904f4361/6331b90280f86a17adb7b94a_Races-Akita-Americain_z6clzr-p-500.webp
Akita Inu;chien;Pas de description encore;https://cdn.prod.website-files.com/62178d5c536d9151904f4361/632c61cafec8b23fd331adb9_Races-Akita-Inu_fty61a-p-500.jpg
American Bully;chien;Pas de description encore;https://cdn.prod.website-files.com/62178d5c536d9151904f4361/632c61c12c8ac07dab1812d1_Races-American-Bully_qz6ikn-p-500.jpg
Basenji;chien;Pas de description encore;https://cdn.prod.website-files.com/62178d5c536d9151904f4361/632c61b8a980e2401e9db995_Races-Bansenji_otbatv-p-500.jpg
Basset Hound;chien;Pas de description encore;https://cdn.prod.website-files.com/62178d5c536d9151904f4361/632c619de0dc7f154247a7fd_Races-Basset_Hound_iamnr4-p-500.jpg
Beagle;chien;Pas de description encore;https://cdn.prod.website-files.com/62178d5c536d9151904f4361/632c618edff9aceff6aa28ec_Races-Beagle_d72bkc-p-500.jpg
Beauceron;chien;Pas de description encore;https://cdn.prod.website-files.com/62178d5c536d9151904f4361/632c61854c575b2c6939b4d7_Races-Beauceron_vfsuqj-p-500.jpg
Berger Allemand;chien;Pas de description encore;https://cdn.prod.website-files.com/62178d5c536d9151904f4361/632c61762c8ac09efe180e6e_AdobeStock_332457535_yamg4g-p-500.jpg
Berger Australien;chien;Pas de description encore;https://cdn.prod.website-files.com/62178d5c536d9151904f4361/632c6162767e05979a32a10f_AdobeStock_234947525_h7edc6-p-500.jpg
Berger Belge Malinois;chien;Pas de description encore;https://cdn.prod.website-files.com/62178d5c536d9151904f4361/632c61510643ed413287f04c_Races-Berger-Belge-Malinois_lvllzc-p-500.jpg
Berger Hollandais;chien;Pas de description encore;https://cdn.prod.website-files.com/62178d5c536d9151904f4361/6238912503a7b9bfa4aa55ea_Races-Berger-Hollandais_vrpjli-p-800.jpeg
Berger d'Anatolie;chien;Pas de description encore;https://cdn.prod.website-files.com/62178d5c536d9151904f4361/632c6147f7447c6e15b6b42b_Races-Berger-d_Anatolie_qiwowi-p-500.jpg
Berger des Pyrénées;chien;Pas de description encore;https://cdn.prod.website-files.com/62178d5c536d9151904f4361/632c613c4fe9214dfad27b0f_Races-Berger-des-Pyrenees_xum5k4-p-500.jpg
Berger des Shetland;chien;Pas de description encore;https://cdn.prod.website-files.com/62178d5c536d9151904f4361/632c6133fbd657149ebd407c_Races-Berger-des-Shetland_wegeyi-p-500.jpg
Berger du Caucase;chien;Pas de description encore;https://cdn.prod.website-files.com/62178d5c536d9151904f4361/632c61244ef5e40291a7c297_Races-Berger-du-Caucase_oa8lor-p-500.jpg
Bichon Frisé;chien;Pas de description encore;https://cdn.prod.website-files.com/62178d5c536d9151904f4361/632c60fce4e4c8671d475066_Races-Bichon-Frise_bnolq2-p-500.jpg
Bichon Havanais;chien;Pas de description encore;https://cdn.prod.website-files.com/62178d5c536d9151904f4361/632c60f3fbd6578637bd1202_Races-Bichon-Havanais_toxe95-p-500.jpg
Bichon Maltais;chien;Pas de description encore;https://cdn.prod.website-files.com/62178d5c536d9151904f4361/632c60eac782fa78a4c9a545_Races-Bichon-Maltais_o5ylyu-p-500.jpg
Bobtail;chien;Pas de description encore;https://cdn.prod.website-files.com/62178d5c536d9151904f4361/632c60d5657ba8864d47b384_Races-Bobtail_dqxlya-p-500.jpg
Border Collie;chien;Pas de description encore;https://cdn.prod.website-files.com/62178d5c536d9151904f4361/632c60ca3f19f28325424d7f_Races-Border-Collie_yfaxih-p-500.jpg
Boston Terrier;chien;Pas de description encore;https://cdn.prod.website-files.com/62178d5c536d9151904f4361/632c60be0908917ddc8412a1_Races-Boston-Terrier_jzjjbs-p-500.jpg
Bouledogue Américain;chien;Pas de description encore;https://cdn.prod.website-files.com/62178d5c536d9151904f4361/632c60b2491cef846475fb54_Races-Bouledogue-Americain_gfrw3x-p-500.jpg
Bouledogue Anglais;chien;Pas de description encore;https://cdn.prod.website-files.com/62178d5c536d9151904f4361/632c60a4cdeb8cc136bca65a_Races-Bouledogue-Anglais_tof6iq-p-500.jpg
Bouledogue Français;chien;Pas de description encore;https://cdn.prod.website-files.com/62178d5c536d9151904f4361/632c6096f7447c0b14b6a9b5_AdobeStock_8056347_o1alwp-p-500.jpg
Bouvier Australien;chien;Pas de description encore;https://cdn.prod.website-files.com/62178d5c536d9151904f4361/632c6083ecc28f6961adab42_Races-Bouvier-Australien_igy2uu-p-500.jpg
Bouvier Bernois;chien;Pas de description encore;https://cdn.prod.website-files.com/62178d5c536d9151904f4361/632c60794e318b3d1413c948_races-bouvier-bernois_wnobwb-p-500.jpg
Boxer;chien;Pas de description encore;https://cdn.prod.website-files.com/62178d5c536d9151904f4361/632c606cb8d59694b04b874d_Races-Boxer_uvnxcj-p-500.jpg
Braque Allemand;chien;Pas de description encore;https://cdn.prod.website-files.com/62178d5c536d9151904f4361/632c6060e4e4c8315f474d1f_Races-Braque-Allemand_ihobum-p-500.jpg
Braque de Weimar;chien;Pas de description encore;https://cdn.prod.website-files.com/62178d5c536d9151904f4361/632c605486e28cf319530356_AdobeStock_331897211_g8swsw-p-500.jpg
Bull Terrier;chien;Pas de description encore;https://cdn.prod.website-files.com/62178d5c536d9151904f4361/632c60352c8ac0573e180382_Races-Bull-Terrier_k70ti5-p-500.jpg
Bullmastiff;chien;Pas de description encore;https://cdn.prod.website-files.com/62178d5c536d9151904f4361/632c60260908914a88840f07_Races-Bullmastiff_rsuael-p-500.jpg
Cairn Terrier;chien;Pas de description encore;https://cdn.prod.website-files.com/62178d5c536d9151904f4361/632c600ffbc19397c35ed083_Races-Cairn-Terrier_f2agvn-p-500.jpg
Cane Corso;chien;Pas de description encore;https://cdn.prod.website-files.com/62178d5c536d9151904f4361/632c5fe7c3279a3c7d96265f_Races-Cane-Corso_nzycdu-p-500.jpg
Caniche Nain;chien;Pas de description encore;https://cdn.prod.website-files.com/62178d5c536d9151904f4361/632c5fd5f7447c55d3b6a33c_Races-Caniche-Toy_ubdu68-p-500.jpg
Carlin;chien;Pas de description encore;https://cdn.prod.website-files.com/62178d5c536d9151904f4361/632c5fcc4a7bfc81ee075f4c_Races-Carlin_ansupq-p-500.jpg
Cavalier King Charles;chien;Pas de description encore;https://cdn.prod.website-files.com/62178d5c536d9151904f4361/632c5fc36f20786075dd4ce2_Races-Cavalier-King-Charles_tsnzqw-p-500.jpg
Chien-loup Tchécoslovaque;chien;Pas de description encore;https://cdn.prod.website-files.com/62178d5c536d9151904f4361/632c5fa9c782fa72edc99bc5_Races-Chien-Loup-Tchecoslovaque_gfaksz-p-500.jpg
Chihuahua;chien;Pas de description encore;https://cdn.prod.website-files.com/62178d5c536d9151904f4361/632c5f9dc34ad0375a146756_AdobeStock_160879245_cnf3xd-p-500.jpg
Chow Chow;chien;Pas de description encore;https://cdn.prod.website-files.com/62178d5c536d9151904f4361/632c5f8cb8d596c00a4b7e1f_Races-Chow-Chow_ufnhia-p-500.jpg
Cocker Américain;chien;Pas de description encore;https://cdn.prod.website-files.com/62178d5c536d9151904f4361/632c5f7af7447cd846b69f14_Races-Cocker-Americain_i05wbj-p-500.jpg
Cocker;chien;Pas de description encore;https://cdn.prod.website-files.com/62178d5c536d9151904f4361/632c5f6f26040becc1035e1c_Races-Cocker-Anglais_ys45ve-p-500.jpg
Colley;chien;Pas de description encore;https://cdn.prod.website-files.com/62178d5c536d9151904f4361/632c5ef6d364ca4ea6baaf25_Races-Colley_tbo2fm-p-500.jpg
Coton de Tuléar;chien;Pas de description encore;https://cdn.prod.website-files.com/62178d5c536d9151904f4361/632c5eeb25bd5f4386855189_Races-Coton-de-Tulear_kikiri-p-500.jpg
Dalmatien;chien;Pas de description encore;https://cdn.prod.website-files.com/62178d5c536d9151904f4361/632c5eddc782fa3e16c9918e_Races-Dalmatien_ldmxaq-p-500.jpg
Dobermann;chien;Pas de description encore;https://cdn.prod.website-files.com/62178d5c536d9151904f4361/632c5ed6c782fa425bc98ad7_Races-Dobermann_nblzjm-p-500.jpg
Dogue Allemand;chien;Pas de description encore;https://cdn.prod.website-files.com/62178d5c536d9151904f4361/632c5eaec782fa2b8ac98948_AdobeStock_10431317_ooglln-p-500.jpg
Dogue Argentin;chien;Pas de description encore;https://cdn.prod.website-files.com/62178d5c536d9151904f4361/632c5e772e26ca121495fe94_Races-Dogue-Argentin_ut4thr-p-500.jpg
Dogue de Bordeaux;chien;Pas de description encore;https://cdn.prod.website-files.com/62178d5c536d9151904f4361/632c5e6fe4e4c8c182473a04_Races-Dogue-de-Bordeaux_c5cm6b-p-500.jpg
Dogue du Tibet;chien;Pas de description encore;https://cdn.prod.website-files.com/62178d5c536d9151904f4361/632c5eb94c575b78c5399ad2_AdobeStock_15215067_kx5uas-p-500.jpg
Epagneul Breton;chien;Pas de description encore;https://cdn.prod.website-files.com/62178d5c536d9151904f4361/632c5e3a2e26ca2b7a95fb70_Races-Epagneul-Breton_od95gf-p-500.jpg
Eurasier;chien;Pas de description encore;https://cdn.prod.website-files.com/62178d5c536d9151904f4361/632c5e32c0bc243fd3b7c927_Races-Eurasier_slmvgx-p-500.jpg
Fox Terrier;chien;Pas de description encore;https://cdn.prod.website-files.com/62178d5c536d9151904f4361/632c5e2a2e26ca38d795fad7_Races-Fox-Terrier_ash7ep-p-500.jpg
Golden Retriever;chien;Pas de description encore;https://cdn.prod.website-files.com/62178d5c536d9151904f4361/632c5e216a4a36af76896a96_races-golden-retriever_qwavlt-p-500.jpg
Husky Sibérien;chien;Pas de description encore;https://cdn.prod.website-files.com/62178d5c536d9151904f4361/632c5e196f2078464bdd2654_races-husky-de-siberie_xrutbt-p-500.jpg
Jack Russell;chien;Pas de description encore;https://cdn.prod.website-files.com/62178d5c536d9151904f4361/632c5e12c3279aba6d96037e_Races-Jack-Russell_lwsdg8-p-500.jpg
Labrador Retriever;chien;Pas de description encore;https://cdn.prod.website-files.com/62178d5c536d9151904f4361/632c5e0baa6053d73173e89f_Races-Labrador-Retriever_klkqdf-p-500.jpg
Leonberg;chien;Pas de description encore;https://cdn.prod.website-files.com/62178d5c536d9151904f4361/632c5dc443c8429515f85054_Races-Leonberg_tpw689-p-500.jpg
Lhassa Apso;chien;Pas de description encore;https://cdn.prod.website-files.com/62178d5c536d9151904f4361/632c5ec6657ba80da747992f_AdobeStock_13460762_nbvebl-p-500.jpg
Mastiff;chien;Pas de description encore;https://cdn.prod.website-files.com/62178d5c536d9151904f4361/632c5dbb25bd5f9ff085457d_Races-Mastiff_xif6ey-p-500.jpg
Pinscher;chien;Pas de description encore;https://cdn.prod.website-files.com/62178d5c536d9151904f4361/632c5dac0486e7ed68bd44de_Races-Pinscher_tz3ni4-p-500.jpg
Pinscher Nain;chien;Pas de description encore;https://cdn.prod.website-files.com/62178d5c536d9151904f4361/632c5da51cc90e4c93db4de4_Races-Pinscher-Nain_rehzlv-p-500.jpg
Pitbull;chien;Pas de description encore;https://cdn.prod.website-files.com/62178d5c536d9151904f4361/632c5d9d033fb921b7a9c9ec_Races-Pitbull_v7dhhz-p-500.jpg
Pointer;chien;Pas de description encore;https://cdn.prod.website-files.com/62178d5c536d9151904f4361/632c5d95e0dc7f1544477eab_Races-Pointer-Anglais_wkxkct-p-500.jpg
Pomsky;chien;Pas de description encore;https://cdn.prod.website-files.com/62178d5c536d9151904f4361/632c5d8cb787b0bbcc8d5b55_Races-Pomsky_wbvw9y-p-500.jpg
Pékinois;chien;Pas de description encore;https://cdn.prod.website-files.com/62178d5c536d9151904f4361/632c5db36a4a3697bc8968b7_Races-Pekinois_bblhrq-p-500.jpg
Rhodesian Ridgeback;chien;Pas de description encore;https://cdn.prod.website-files.com/62178d5c536d9151904f4361/632c5d814c575bd1ff3995f8_Races-Rhodesian-Ridgeback_hz60zl-p-500.jpg
Rottweiler;chien;Pas de description encore;https://cdn.prod.website-files.com/62178d5c536d9151904f4361/632c5d6cb6a91a837f6ff212_Races-Rottweiler_ognlce-p-500.jpg
Saint-Bernard;chien;Pas de description encore;https://cdn.prod.website-files.com/62178d5c536d9151904f4361/632c5d64601026d451802896_Races-Saint-Bernard_oj9xle-p-500.jpg
Samoyède;chien;Pas de description encore;https://cdn.prod.website-files.com/62178d5c536d9151904f4361/632c5d5db787b01e388d5a38_Races-Samoyede_csi44a-p-500.jpg
Setter Anglais;chien;Pas de description encore;https://cdn.prod.website-files.com/62178d5c536d9151904f4361/632c5d56f9c5a19decd946a4_Races-Setter-Anglais_wc1lyh-p-500.jpg
Setter Irlandais;chien;Pas de description encore;https://cdn.prod.website-files.com/62178d5c536d9151904f4361/632c5d4c43c8425eacf84c85_Races-Setter-Irlandais_aq7zmt-p-500.jpg
Shar Peï;chien;Pas de description encore;https://cdn.prod.website-files.com/62178d5c536d9151904f4361/635ff1233a7b2a3469fa00fe_632c5d45c782faa399c97df4_Races-Shar-Pei_vfz1s3-p-1080-p-500.jpg
Shiba Inu;chien;Pas de description encore;https://cdn.prod.website-files.com/62178d5c536d9151904f4361/632c5d166a4a363f1b896302_Races-Shiba-Inu_j2xtpu-p-500.jpg
Shih Tzu;chien;Pas de description encore;https://cdn.prod.website-files.com/62178d5c536d9151904f4361/632c5d31411332747d20c24a_Races_-_Shih_Tzu_s9ykzj-p-500.jpg
Spitz Allemand;chien;Pas de description encore;https://cdn.prod.website-files.com/62178d5c536d9151904f4361/632c5d0fc782faf9f8c97cd1_Races-Spitz-Allemand_wpagwj-p-500.jpg
Spitz Loup;chien;Pas de description encore;https://cdn.prod.website-files.com/62178d5c536d9151904f4361/632c5d084a7bfc1e4a074a41_Races-Spitz-Loup_jy5vgv-p-500.jpg
American Staff;chien;Pas de description encore;https://cdn.prod.website-files.com/62178d5c536d9151904f4361/632c5d004e318b52691398d7_Races-Staff-Amstaff_kwa109-p-500.jpg
Staffordshire Bull Terrier;chien;Pas de description encore;https://cdn.prod.website-files.com/62178d5c536d9151904f4361/632c5cfa1cc90e9808db4aad_races-staffie-staffordshire-bull-terrier_jjoigu-p-500.jpg
Teckel;chien;Pas de description encore;https://cdn.prod.website-files.com/62178d5c536d9151904f4361/632c5cf2601026109c802444_Races-Teckel_qqae2c-p-500.jpg
Terre-Neuve;chien;Pas de description encore;https://cdn.prod.website-files.com/62178d5c536d9151904f4361/632c5ceb4ef5e46773a794f6_Races-Terre_Neuve_shyfg6-p-500.jpg
Whippet;chien;Pas de description encore;https://cdn.prod.website-files.com/62178d5c536d9151904f4361/632c5ce31cc90eeec1db4943_Races-Whippet_jf883m-p-500.jpg
Yorkshire Terrier;chien;Pas de description encore;https://cdn.prod.website-files.com/62178d5c536d9151904f4361/632c5cda18c8cf3262b0419a_Races-Yorkshire-Terrier_xqivry-p-500.jpg
Angora Turc;chat;Pas de description encore;https://cdn.prod.website-files.com/62178d5c536d9151904f4361/632b2c5249ca5c36ec459570_AdobeStock_297280848_x7zi3w-p-800.jpg
Ragdoll;chat;Pas de description encore;https://cdn.prod.website-files.com/62178d5c536d9151904f4361/632b2c59bb1aaaa89fe30024_AdobeStock_126987625_opumei-p-800.jpg
Bengal (chat du Bengale);chat;Pas de description encore;https://cdn.prod.website-files.com/62178d5c536d9151904f4361/632b2c61e731d9967137f4fd_AdobeStock_90781136_hlnx00-p-800.jpg
Siamois;chat;Pas de description encore;https://cdn.prod.website-files.com/62178d5c536d9151904f4361/632b2c687b5810f239c941bf_AdobeStock_86797318_1_bmvqrb-p-800.jpg
Chartreux;chat;Pas de description encore;https://cdn.prod.website-files.com/62178d5c536d9151904f4361/632b2c7381ce9de603c4a8c6_AdobeStock_18499350_jwq7q4-p-800.jpg
Sacré de Birmanie (Birman);chat;Pas de description encore;https://cdn.prod.website-files.com/62178d5c536d9151904f4361/632b2c7b9766f970fced4a5b_AdobeStock_126054367_ygobo1-p-800.jpg
Chat Persan;chat;Pas de description encore;https://cdn.prod.website-files.com/62178d5c536d9151904f4361/632b2c859711ce734df96fbd_AdobeStock_185682843_p6widn-p-800.jpg
Maine Coon;chat;Pas de description encore;https://cdn.prod.website-files.com/62178d5c536d9151904f4361/632b2c8d9831152f7917ae34_AdobeStock_65725259_exqgak-p-800.jpg
Chat Européen (European Shorthair);chat;Pas de description encore;https://cdn.prod.website-files.com/62178d5c536d9151904f4361/632b2c9d7b58101342c942a6_AdobeStock_264302910_k6xcpv-p-800.jpg
